{
  "bands": [
    {
      "name": "red",
      "shape": [
        2000,
        2000
      ],
      "dtype": "float64",
      "total_elements": 4000000,
      "valid_elements": 3999962,
      "nan_elements": 38,
      "statistics": {
        "min": -0.0999,
        "max": 1.7664,
        "mean": 0.23958747223098628,
        "median": 0.0766,
        "std": 0.37754397816850865
      },
      "histogram": {
        "bins": 10,
        "counts": [
          2097462,
          621122,
          278694,
          285111,
          267332,
          229601,
          150398,
          55184,
          13159,
          1899
        ],
        "edges": [
          -0.0999,
          0.08673000000000002,
          0.27336000000000005,
          0.45999,
          0.6466200000000001,
          0.8332500000000002,
          1.01988,
          1.20651,
          1.39314,
          1.5797700000000001,
          1.7664
        ]
      }
    },
    {
      "name": "green",
      "shape": [
        2000,
        2000
      ],
      "dtype": "float64",
      "total_elements": 4000000,
      "valid_elements": 3999978,
      "nan_elements": 22,
      "statistics": {
        "min": -0.0999,
        "max": 1.8896,
        "mean": 0.270999636348,
        "median": 0.0716,
        "std": 0.3977001973127446
      },
      "histogram": {
        "bins": 10,
        "counts": [
          2205196,
          502264,
          281601,
          284102,
          270264,
          232646,
          152429,
          56321,
          13456,
          1699
        ],
        "edges": [
          -0.0999,
          0.09905000000000001,
          0.29800000000000004,
          0.4969500000000001,
          0.6959000000000001,
          0.89485,
          1.0938,
          1.29275,
          1.4917,
          1.69065,
          1.8896
        ]
      }
    },
    {
      "name": "nir",
      "shape": [
        2000,
        2000
      ],
      "dtype": "float64",
      "total_elements": 4000000,
      "valid_elements": 3999997,
      "nan_elements": 3,
      "statistics": {
        "min": -0.0999,
        "max": 1.6368,
        "mean": 0.37555056788792607,
        "median": 0.344,
        "std": 0.31731335050891324
      },
      "histogram": {
        "bins": 10,
        "counts": [
          829187,
          749512,
          873294,
          664187,
          344432,
          274124,
          179300,
          67672,
          15940,
          2349
        ],
        "edges": [
          -0.0999,
          0.07377000000000002,
          0.24744000000000005,
          0.4211100000000001,
          0.5947800000000001,
          0.7684500000000001,
          0.9421200000000002,
          1.11579,
          1.28946,
          1.46313,
          1.6368
        ]
      }
    }
  ]
}
