{
  "formulas": {
    "ndvi": "(NIR - Red) / (NIR + Red + 1e-8)",
    "ndwi": "(Green - NIR) / (Green + NIR + 1e-8)",
    "savi": "((NIR - Red) / (NIR + Red + 0.5)) * 1.5"
  },
  "indices": [
    {
      "name": "ndvi",
      "shape": [
        2000,
        2000
      ],
      "dtype": "float64",
      "total_elements": 4000000,
      "valid_elements": 3999959,
      "nan_elements": 41,
      "statistics": {
        "min": -14520000.0,
        "max": 19400000.0,
        "mean": 575.7110165719826,
        "median": 0.14670514494101555,
        "std": 109532.98109249456
      },
      "histogram": {
        "bins": 10,
        "counts": [
          32,
          11,
          16,
          5,
          3999669,
          10,
          31,
          53,
          78,
          54
        ],
        "edges": [
          -14520000.0,
          -11128000.0,
          -7736000.0,
          -4344000.0,
          -952000.0,
          2440000.0,
          5832000.0,
          9224000.0,
          12616000.0,
          16008000.0,
          19400000.0
        ]
      }
    },
    {
      "name": "ndwi",
      "shape": [
        2000,
        2000
      ],
      "dtype": "float64",
      "total_elements": 4000000,
      "valid_elements": 3999975,
      "nan_elements": 25,
      "statistics": {
        "min": -17159999.97618572,
        "max": 14480000.020095035,
        "mean": -478.8442907610746,
        "median": -0.10640607745911845,
        "std": 100051.7703461924
      },
      "histogram": {
        "bins": 10,
        "counts": [
          58,
          77,
          67,
          33,
          9,
          3999647,
          18,
          11,
          26,
          29
        ],
        "edges": [
          -17159999.97618572,
          -13995999.976557646,
          -10831999.97692957,
          -7667999.977301493,
          -4503999.977673419,
          -1339999.9780453444,
          1824000.0215827338,
          4988000.021210808,
          8152000.020838883,
          11316000.020466957,
          14480000.020095035
        ]
      }
    },
    {
      "name": "savi",
      "shape": [
        2000,
        2000
      ],
      "dtype": "float64",
      "total_elements": 4000000,
      "valid_elements": 3999959,
      "nan_elements": 41,
      "statistics": {
        "min": -0.563356416678945,
        "max": 1.0510991129965293,
        "mean": 0.2525869529696208,
        "median": 0.19672131147540983,
        "std": 0.3662978186720781
      },
      "histogram": {
        "bins": 10,
        "counts": [
          12508,
          428426,
          120150,
          1057069,
          510600,
          484277,
          501969,
          284314,
          454458,
          146188
        ],
        "edges": [
          -0.563356416678945,
          -0.40191086371139756,
          -0.24046531074385014,
          -0.07901975777630271,
          0.08242579519124471,
          0.24387134815879208,
          0.40531690112633956,
          0.566762454093887,
          0.7282080070614344,
          0.8896535600289818,
          1.0510991129965293
        ]
      }
    }
  ]
}
