{
  "classification_criteria": {
    "ndvi_min": 0.3,
    "ndvi_max": 0.9,
    "ndwi_min": -0.3,
    "savi_min": 0.2,
    "logic": "AND (all conditions must be true)"
  },
  "mask": {
    "name": "mangrove_mask",
    "shape": [
      2000,
      2000
    ],
    "dtype": "float64",
    "total_elements": 4000000,
    "valid_elements": 4000000,
    "nan_elements": 0,
    "statistics": {
      "min": 0.0,
      "max": 1.0,
      "mean": 0.01782675,
      "median": 0.0,
      "std": 0.13232141544148285
    },
    "histogram": {
      "bins": 10,
      "counts": [
        3928693,
        0,
        0,
        0,
        0,
        0,
        0,
        0,
        0,
        71307
      ],
      "edges": [
        0.0,
        0.1,
        0.2,
        0.30000000000000004,
        0.4,
        0.5,
        0.6000000000000001,
        0.7000000000000001,
        0.8,
        0.9,
        1.0
      ]
    }
  },
  "statistics": {
    "total_pixels": 4000000,
    "mangrove_pixels": 71307,
    "non_mangrove_pixels": 3928693,
    "coverage_percent": 1.7826749999999998,
    "pixel_area_m2": 100,
    "mangrove_area_hectares": 713.07
  }
}
